ORIGEM,DESTINO,DEMANDA,DISTÂNCIA
AFONSO CUNHA,CHAPADINHA,2,43.71
ALCANTARA,SAO LUIS,7,23.14
ALDEIAS ALTAS,CAXIAS,7,28.93
ALTAMIRA DO MARANHAO,SANTA INES,2,57.19
ALTO ALEGRE DO MARANHAO,BACABAL,8,37.09
ALTO ALEGRE DO PINDARE,SANTA INES,13,52.42
ALTO PARNAIBA,BALSAS,2,95.55
AMARANTE DO MARANHAO,IMPERATRIZ,16,91.24
ANAJATUBA,SAO LUIS,16,87.08
ANAPURUS,CHAPADINHA,17,28.46
ARAGUANA,PINHEIRO,4,79.62
ARAME,ACAILANDIA,5,161.11
ARARI,PINHEIRO,7,108.71
AXIXA,SAO LUIS,7,39.43
BACABEIRA,SAO LUIS,6,47.06
BACURITUBA,SAO LUIS,3,5.23
BARRA DO CORDA,PRESIDENTE DUTRA,49,87.33
BELAGUA,BARREIRINHAS,2,88.08
BELA VISTA DO MARANHAO,SANTA INES,8,16.53
BEQUIMAO,PINHEIRO,7,33.92
BOM JARDIM,PINHEIRO,7,126.71
BOM JARDIM,SANTA INES,5,28.83
BOM JESUS DAS SELVAS,ACAILANDIA,14,83.44
BOM LUGAR,BACABAL,10,31.77
BREJO,CHAPADINHA,14,67.31
BREJO DE AREIA,BACABAL,2,89.26
BURITICUPU,ACAILANDIA,24,130.93
BURITI BRAVO,CAXIAS,10,120.06
BURITIRANA,IMPERATRIZ,8,70.94
CAJARI,PINHEIRO,2,88.67
CAJAPIO,SAO LUIS,6,58.42
CAMPESTRE DO MARANHAO,IMPERATRIZ,18,93.71
CANDIDO MENDES,PINHEIRO,1,139.2
CANTANHEDE,SAO LUIS,1,120.63
CAPINZAL DO NORTE,CAXIAS,3,108.43
CAROLINA,BALSAS,2,168.13
CAROLINA,IMPERATRIZ,3,219.64
CEDRAL,SAO LUIS,2,68.77
CENTRAL DO MARANHAO,PINHEIRO,2,46.85
CENTRO NOVO DO MARANHAO,CARUTAPERA,6,104.74
CIDELANDIA,IMPERATRIZ,6,32.64
COELHO NETO,CAXIAS,23,77.51
COLINAS,CAXIAS,12,162.3
CONCEICAO DO LAGO-ACU,BACABAL,12,44.59
COROATA,CODO,34,45.16
CURURUPU,PINHEIRO,6,81.59
DAVINOPOLIS,IMPERATRIZ,7,30.06
DOM PEDRO,CAXIAS,11,120.86
DUQUE BACELAR,CHAPADINHA,3,64.99
ESPERANTINOPOLIS,PEDREIRAS,7,47.61
ESTREITO,IMPERATRIZ,22,136.54
FEIRA NOVA DO MARANHAO,BALSAS,3,140.53
FERNANDO FALCAO,CAXIAS,3,222.47
FERNANDO FALCAO,PRESIDENTE DUTRA,2,105.16
FORMOSA DA SERRA NEGRA,IMPERATRIZ,1,195.96
FORTALEZA DOS NOGUEIRAS,BALSAS,5,120.67
FORTUNA,CAXIAS,10,130.28
GONCALVES DIAS,CAXIAS,8,109.41
GOVERNADOR ARCHER,CAXIAS,4,95.39
GOVERNADOR EDISON LOBAO,IMPERATRIZ,14,50.69
GOVERNADOR EUGENIO BARROS,CAXIAS,4,109.73
GOVERNADOR NUNES FREIRE,PINHEIRO,6,99.64
GOVERNADOR LUIZ ROCHA,CAXIAS,3,106.08
GOVERNADOR NEWTON BELLO,PINHEIRO,1,137.16
GRACA ARANHA,CAXIAS,3,122.62
GRAJAU,IMPERATRIZ,4,164.98
GUIMARAES,SAO LUIS,3,60.64
HUMBERTO DE CAMPOS,BARREIRINHAS,8,73.01
ICATU,SAO LUIS,6,32.59
ITAIPAVA DO GRAJAU,ACAILANDIA,1,186.25
ITAPECURU MIRIM,SAO LUIS,31,94.56
JOSELANDIA,PEDREIRAS,4,46.86
JUNCO DO MARANHAO,CARUTAPERA,1,74.77
JENIPAPO DOS VIEIRAS,ACAILANDIA,1,208.54
LAGOA DO MATO,TIMON,2,129.94
LAGOA GRANDE DO MARANHAO,PEDREIRAS,11,98.72
LAGO DA PEDRA,BACABAL,34,53.54
LAGO DO JUNCO,BACABAL,6,51.88
LORETO,BALSAS,3,168.07
LAGO VERDE,BACABAL,5,26.56
MARACACUME,CARUTAPERA,2,93.78
MARANHAOZINHO,PINHEIRO,1,91.4
MATA ROMA,CHAPADINHA,5,30.13
MATINHA,PINHEIRO,5,64.19
MATOES,TIMON,10,62.1
MILAGRES DO MARANHAO,BARREIRINHAS,2,94.77
MIRADOR,CAXIAS,7,201.02
MIRANDA DO NORTE,SAO LUIS,7,118.44
MIRINZAL,PINHEIRO,13,61.6
MONCAO,PINHEIRO,13,108.32
MORROS,SAO LUIS,10,41.26
NINA RODRIGUES,CHAPADINHA,4,67.94
NOVA COLINAS,BALSAS,2,137.44
NOVA OLINDA DO MARANHAO,PINHEIRO,9,75.35
OLHO DAGUA DAS CUNHAS,BACABAL,11,37.89
OLINDA NOVA DO MARANHAO,PINHEIRO,3,53.37
PACO DO LUMIAR,SAO LUIS,71,15.96
PAULINO NEVES,BARREIRINHAS,1,32.09
PARAIBANO,CAXIAS,1,187.24
PARNARAMA,TIMON,14,70.97
PASSAGEM FRANCA,CAXIAS,1,153.89
PASTOS BONS,CAXIAS,1,208.78
PEDRO DO ROSARIO,PINHEIRO,7,57.36
PENALVA,PINHEIRO,6,85.08
PERI MIRIM,PINHEIRO,9,26.52
PERITORO,CAXIAS,4,121.02
PERITORO,PEDREIRAS,8,36.45
PINDARE-MIRIM,SANTA INES,21,6.93
PIRAPEMAS,CHAPADINHA,10,96.48
PIO XII,BACABAL,5,56.36
PIO XII,SANTA INES,5,38.46
PORTO FRANCO,IMPERATRIZ,16,116.08
POCAO DE PEDRAS,PEDREIRAS,6,42.9
PRESIDENTE JUSCELINO,SAO LUIS,4,60.39
PRESIDENTE SARNEY,PINHEIRO,5,31.62
PRESIDENTE VARGAS,SAO LUIS,1,98.0
PRIMEIRA CRUZ,BARREIRINHAS,1,73.44
RAPOSA,SAO LUIS,20,22.12
RIACHAO,BALSAS,9,97.42
RIBAMAR FIQUENE,IMPERATRIZ,7,69.25
ROSARIO,SAO LUIS,23,45.17
SAMBAIBA,BALSAS,1,182.34
SANTA FILOMENA DO MARANHAO,PRESIDENTE DUTRA,3,23.29
SANTA HELENA,PINHEIRO,17,40.31
SANTA LUZIA,SANTA INES,21,46.21
SANTA LUZIA DO PARUA,PINHEIRO,11,76.74
SANTA QUITERIA DO MARANHAO,BARREIRINHAS,16,87.42
SANTA RITA,SAO LUIS,18,65.27
SANTO ANTONIO DOS LOPES,CAXIAS,5,110.48
SAO BENEDITO DO RIO PRETO,CHAPADINHA,5,48.7
SAO BENTO,PINHEIRO,14,34.09
SAO DOMINGOS DO MARANHAO,CAXIAS,20,138.64
SAO FELIX DE BALSAS,BALSAS,2,229.06
SAO FRANCISCO DO BREJAO,ACAILANDIA,9,22.31
SAO JOAO BATISTA,PINHEIRO,7,54.62
SAO JOAO DO CARU,PINHEIRO,5,172.9
SAO JOAO DO SOTER,CAXIAS,13,56.33
SAO JOAO DO PARAISO,IMPERATRIZ,8,137.42
SAO JOSE DE RIBAMAR,SAO LUIS,132,13.44
SAO JOSE DOS BASILIOS,CAXIAS,1,136.76
SAO LUIS GONZAGA DO MARANHAO,BACABAL,8,20.97
SAO MATEUS DO MARANHAO,BACABAL,27,41.35
SAO PEDRO DOS CRENTES,BALSAS,4,140.05
SAO RAIMUNDO DAS MANGABEIRAS,BALSAS,5,155.32
SAO RAIMUNDO DO DOCA BEZERRA,PEDREIRAS,6,79.94
SAO ROBERTO,PEDREIRAS,1,66.14
SATUBINHA,BACABAL,2,54.69
SENADOR ALEXANDRE COSTA,CAXIAS,6,88.11
SENADOR LA ROCQUE,IMPERATRIZ,9,34.66
SERRANO DO MARANHAO,PINHEIRO,4,75.07
SITIO NOVO,IMPERATRIZ,9,112.29
TASSO FRAGOSO,BALSAS,2,65.48
TIMBIRAS,CAXIAS,13,93.19
TIMBIRAS,CODO,4,23.13
TURIACU,CARUTAPERA,8,89.08
TURILANDIA,PINHEIRO,2,41.84
TRIZIDELA DO VALE,PEDREIRAS,8,0.95
TUNTUM,PRESIDENTE DUTRA,11,48.65
URBANO SANTOS,BARREIRINHAS,3,81.4
URBANO SANTOS,CHAPADINHA,15,59.2
VARGEM GRANDE,CHAPADINHA,15,65.85
VIANA,PINHEIRO,9,76.09
VITORIA DO MEARIM,PINHEIRO,5,107.49
VITORINO FREIRE,BACABAL,15,51.8
ZE DOCA,PINHEIRO,18,104.42
